{
  "project_info": {
    "project_number": "747005400666",
    "firebase_url": "https://facedetection-mlkitapp-7a8c8.firebaseio.com",
    "project_id": "facedetection-mlkitapp-7a8c8",
    "storage_bucket": "facedetection-mlkitapp-7a8c8.appspot.com"
  },
  "client": [
    {
      "client_info": {
        "mobilesdk_app_id": "1:747005400666:android:b9818cc6df1003fe15aa63",
        "android_client_info": {
          "package_name": "com.example.facedetectionapp"
        }
      },
      "oauth_client": [
        {
          "client_id": "747005400666-rp5bp3slslfig5qivcr6jha3e65jdan5.apps.googleusercontent.com",
          "client_type": 3
        }
      ],
      "api_key": [
        {
          "current_key": "AIzaSyC8tvb4-k8VFMpY0EaGOIr8hdAsY3Dh-kA"
        }
      ],
      "services": {
        "appinvite_service": {
          "other_platform_oauth_client": [
            {
              "client_id": "747005400666-rp5bp3slslfig5qivcr6jha3e65jdan5.apps.googleusercontent.com",
              "client_type": 3
            }
          ]
        }
      }
    }
  ],
  "configuration_version": "1"
}